nouns,link
대변인 경상 행정부 지사 행정 기획 조정 실장 국가 기록 원장 대통령실 수출 산업 현황 개선 선정 인천공항공사 미래 경쟁력 제고 비전 선포 인천 공항,https://n.news.naver.com/mnews/article/002/0002338921?sid=102
부산광역시 대구 광역시 구제 합의 건가 미합의 사고 이력 기재 범위,https://n.news.naver.com/mnews/article/661/0000041599?sid=101
취업 사이 창원 산단 창원시 부산 진해 신항 가덕 공항 접근성 물류 대중 교통망 마련 유진상,https://n.news.naver.com/mnews/article/056/0011725328?sid=101
명의 사채업자 함정 창원시 양덕동 월드 카프라 영남 최대 규모 매매 지하 지상 준공 공실,https://n.news.naver.com/mnews/article/607/0000001986?sid=102
현대차 양산 경기도 용인 운영 인증 센터 수도 추가 개소 계획 현대차 기아 올해 현대차 매물 확보 인증 사업 개선,http://www.newslock.co.kr/news/articleView.html?idxno=90889
이듬해 창원 특례시 소재 매매 개실 담보 가치 허위 차주 상당 부당 대출 혐의 범행 체계,https://n.news.naver.com/mnews/article/018/0005733539?sid=102
하락 시세 전기차 판매량 저조 전기차 판매량 국내 기업 지원 대상 지난해 올해 경상 중견 중소 조선 업체 신규 취업자,http://www.laborplus.co.kr/news/articleView.html?idxno=33641
양산 경기도 용인 운영 인증 센터 수도 추가 개소 현대차 기아 상품 품질 관리 적극 지난달 현대차 미쉐린 코리아,http://www.m-i.kr/news/articleView.html?idxno=1111097
한국 인기 한국 자동차 부품 수요 시장 전시회 참가 중동 참가 희망 기업 해외 마케팅 사업 지원 시스템 사업 공고 신청,http://www.gndomin.com/news/articleView.html?idxno=388298
중동 북아프리카 시장 개척 바이어 발굴 바이 자동차 부품 전시회 한국 인기 한국 자동차 부품 수요 시장 전시회 참가 동아프리카,https://www.mtnews.net/news/articleView.html?idxno=18378
한국 인기 한국 자동차 부품 수요 시장 전시회 참가 동아프리카 참가 희망 기업 해외 마케팅 사업 지원 시스템 사업 공고 신청 내용,https://www.newsgn.com/news/articleView.html?idxno=410437
최대 보조금 지급 지역 이하 보조금 사업 매칭 사업 국가 보조 검법 지원 국비 지방 자치 단체 지방비,https://www.kfenews.co.kr/news/articleView.html?idxno=618173
금호 통영 마리나 리조트 금호 화순 스파 리조트 통영 전라남도 화순 위치 렌터카 해외 판매 채널 확대 수익력 안정 영업 성과 창출 고객 수용,https://www.greened.kr/news/articleView.html?idxno=311387
지난해 경상 양산 현대차 인증 센터 사진 현대차 인증 사업 현대 자동차 올해 본격 시장 공략 판매 차종 전기 확대 완성,http://www.goodkyung.com/news/articleView.html?idxno=228422
그간 현대차 인증 센터 양산시 경기도 용인시 전국 위치 현대차 관계자 인증 사업 국내 해외 자동차 제조사 검증 수준,https://n.news.naver.com/mnews/article/018/0005667158?sid=103
지난달 소비자 공식 인증 사이트 월식 차량 구입 해당 차량 한독 모터스 분당 전시장 상품 거주 지인,https://www.consumuch.com/news/articleView.html?idxno=70318
정부 지원 부임 그해 중반 용산 컴퓨터 가게 컴퓨터 정도 제대 선거관리위원회 위원장 원지방 법원 법원장 서울 중앙 지방 법원 부장 판사 법원 도서관,https://www.gokorea.kr/news/articleView.html?idxno=749741
거주 인구 대비 견적 비중 거창군 지역 지역 대비 전기차 보조금 자동차 렌트 리스 가격 비교 검색 서비스 지원,https://n.news.naver.com/mnews/article/119/0002792336?sid=101
거주 인구 대비 견적 비중 거창군 지역 기록 자동차 렌트 리스 가격 비교 검색 서비스 지원,https://daily.hankooki.com/news/articleView.html?idxno=1044394
거주 인구 대비 견적 비중 거창군 지역 지역 대비 자동차 렌트 리스 가격 비교 검색 서비스 지원 자료 제공,https://www.newspim.com/news/view/20240123000737
자동차 렌트 리스 가격 비교 검색 서비스 지원 거주 인구 대비 견적 비중 거창군 지역 지역 대비 전기차 보조금,https://n.news.naver.com/mnews/article/030/0003175424?sid=101
거주 인구 대비 견적 비중 거창군 지역 지역 대비 전기차 보조금 자동차 렌트 리스 가격 비교 검색 서비스 지원 신아 일보,http://www.shinailbo.co.kr/news/articleView.html?idxno=1817950
경상 도개 충청북도 응답 비율 응답 조합원 가구 소득 월평균 조합원 가구 차량 구매 관련 질문 신차 구매 비율 정도,http://news.inochong.org/detail.php?number=5122&thread=22r04
시스템 양산시 부지 조성 인증 센터 진행 상품 센터 점검 진행 정밀 진단 차량 외관 실내 주행 성능 엔진 타이어 현대차,https://www.news2day.co.kr/article/20231128500128
구매 자동차 조사 고급 승용차 일반 국산 승용차 백만장자 추천 유수연 시민 기자 경상 남도 지역 신문 발전 지원 사업 보조금 지원,http://www.gnnews.co.kr/news/articleView.html?idxno=537361
우리은행 창원 남동 국가 산업단지 중소기업 특화 채널 추가 신설 우리은행 카카오 뱅크 구매 대출 출시 카카오 뱅크 평일 저녁 주말 신청 카카오 뱅크,http://www.dailypop.kr/news/articleView.html?idxno=72745
현대차 그룹 양산 경기도 용인 전용 상품 센터 마련 온라인 플랫 매입 정밀 진단 품질 개선 검사 인증 상품 과정,http://www.dailyimpact.co.kr/news/articleView.html?idxno=105328
양산 현대차 전용 상품 센터 고객 온라인 플랫폼 구매 차량 상품 작업 진행 현대차 인증 판매 시작 연말,https://n.news.naver.com/mnews/article/052/0001949500?sid=101
양산 현대차 전용 상품 센터 고객 온라인 플랫폼 구매 차량 상품 작업 진행 현대차 인증 판매 시작 연말,https://science.ytn.co.kr/program/view.php?mcd=0082&hcd=&key=202310201226119732
현대 자동차 제네시스 브랜드 이하 제네시스 인증 브랜드 출범 양산 위치 인증 전용 상품 센터 이하 인증 센터 공개 양산,http://www.newsprime.co.kr/news/article.html?no=616293
현대 자동차 양산시 하북면 현대 인증 양산 센터 현대 제네시스 인증 미디어 데이 개최 인증 사업 공식 출범,http://www.newsprime.co.kr/news/article.html?no=616279
현대 자동차 양산시 하북면 현대 인증 양산 센터 현대 제네시스 인증 미디어 데이 개최 인증 사업 공식 출범,http://www.newsprime.co.kr/news/article.html?no=616267
성장 판매 부가 가치 창출 긍정 케이티 스터디 바이저 지에스 도시 가스 공급 서비스 제공 경상 총면적 공급 전쟁 에너지 테마 형성 방송,https://news.mtn.co.kr/news-detail/2023102006283155094
기자 경상 양산 현대차 전용 상품 센터 고객 온라인 플랫폼 구매 차량 상품 작업 진행 현대차 인증 판매 시작,https://n.news.naver.com/mnews/article/052/0001949320?sid=101
기자 경상 양산 현대차 전용 상품 센터 고객 온라인 플랫폼 구매 차량 상품 작업 진행 현대차 인증 판매 시작,https://n.news.naver.com/mnews/article/052/0001949249?sid=101
기자 경상 양산 현대차 전용 상품 센터 고객 온라인 플랫폼 구매 차량 상품 작업 진행 현대차 인증 판매 시작,https://n.news.naver.com/mnews/article/052/0001949229?sid=101
현대차 최근 매집 상품 물류 판매 자체 인프라 구축 상품 센터 위치 경기도 용인 양산 부사장 추후 현대차 중고 플랫 이용,https://www.econovill.com/news/articleView.html?idxno=630211
현대차 양산 경기도 용인 인증 전용 상품 센터 마련 향후 시장 수요 권역 추가 상품 센터 구축 계획 추가 센터 위치 확정,https://www.etoday.co.kr/news/view/2293896
현대 자동차 양산시 하북면 현대 인증 양산 센터 현대 제네시스 인증 미디어 데이 개최 인증 사업 공식 출범 현대 자동차,https://www.cbci.co.kr/news/articleView.html?idxno=450600
고객 투명 신뢰 고객 가치 최우선 자리 약속 유원하 현대차 아시아 대권 역장 부사장 양산시 위치 현대 인증 양산 센터 현대 제네시스 인증,https://www.newscj.com/news/articleView.html?idxno=3073563
차량 매매 시장 모습 연합뉴스 자료 사진 현대 자동차 경상 양산 위치 인증 상품 센터 팰리세이드 제네시스 모델 처음 공개 본격,https://news.einfomax.co.kr/news/articleView.html?idxno=4284528
인증 출범 양산 위치 인증 전용 상품 센터 이하 인증 센터 공개 이날 공개 양산 인증 센터 현대차 제네시스 사업 주요,https://www.etoday.co.kr/news/view/2293705
현대차 양산 경기도 용인 인증 전용 상품 센터 마련 향후 수요 권역 추가 상품 센터 구축 계획 양산 인증 센터 부지 면적,https://www.etoday.co.kr/news/view/2293682
관리 방침 아래 인증 사업 유원하 현대 자동차 아시아 대권 역장 부사장 양산시 하북면 소재 현대 자동차 인증 양산 센터,http://www.seoulfn.com/news/articleView.html?idxno=498344
업계 현대차 경상 양산 인증 사업 행사 개최 기아 인증 사업 명회 판매업 생계 적합 업종 해제 이후,https://daily.hankooki.com/news/articleView.html?idxno=1010031
엔카 닷컴 오프라인 서비스 제공 신규 사업 양산시 오픈 엔카 연내 양산 포함 센터,http://www.sisaweek.com/news/articleView.html?idxno=208289
동명 미국 아동 만화 주인공 가수 래퍼 핸드폰 게임 카페 입인사 방법 스포츠 대구 광역시 결과 서울 제외 수도 영남,http://www.thebigdata.co.kr/view.php?ud=2023072616385419573e9bb86c69_23
경상북도 충청북도 관계자 기업 전라북도 협력 논의 한국 군산 공장 폐쇄 이후 전라북도 군산 일자리 사업 수출 기지 부품 산업 육성 친환경,https://www.jjan.kr/article/20230702580031
류명현 경상 산업 통상 국장 효종 창원시 미래산업 전략 국장 참석 창원 국가 에너지 보유 신차 대비 합리 가격 이용 가능 장기 렌터카 서비스 제공,http://www.greened.kr/news/articleView.html?idxno=304501
대한제국 국운 진양군 지수면 중농 구재서 일본군 사용 고장 손해 점증 구인회 화물차,http://jmagazine.joins.com/monthly/view/337987
공연 연습 아들 운전 양산 음식점 운영 부모 아들 허락,http://www.jejuilbo.net/news/articleView.html?idxno=206855
공연 연습 아들 운전 양산 음식점 운영 부모 아들 허락,http://www.jejuilbo.net/news/articleView.html?idxno=206666
공연 연습 아들 운전 양산 음식점 운영 부모 아들 허락,https://www.lecturernews.com/news/articleView.html?idxno=127808
경기도 용인 양산 상품 물류 센터 운영 확대 계획 상품 물류 센터 고객 매입 성능 상태 여개 항목 정밀 진단 정비,http://www.sporbiz.co.kr/news/articleView.html?idxno=647296
구입 지원 사업 창업 자원 지원 사업 전국 최초 미래 교육 기관 경상 교육청 미래 교육 개관 연간,https://n.news.naver.com/mnews/article/448/0000395062?sid=160
현대차 기아 양산 인증 전용 하이테크 센터 개소 경기도 안성 거래 센터 부지 확보 수원 인천 거래 센터,https://www.smartfn.co.kr/article/view/sfn202301260009
현대차 그룹 물류 시설 전용 센터 구축 품질 검사 인증 체계 마련 전용 센터 위치 양산 디지털 플랫 기반 온라인 판매 채널,https://www.dnews.co.kr/uhtml/view.jsp?idxno=202301031440056910942
인증 전용 허브 기지 마련 정비 상품 체계 계획 장소 양산시 경기도 인천 수원 거래 센터 물색,http://www.sisajournal-e.com/news/articleView.html?idxno=295820
물류 센터 위치 양산 유력 거론 업계 현대차 양산 인증 전용 허브 기지 정비 상품 조직 운영,http://www.newsworks.co.kr/news/articleView.html?idxno=701049
현대차 전용 인증 센터 금년 개소 예정 양산시 기아 성능 상태 진단 상품 품질 인증 전시 시승 고객 체험 담당 인증 전용,https://www.kgnews.co.kr/news/article.html?no=731859
운전 면허 취득 지원 생애 최초 구매 지원 사업 지역 경제 동반 성장 연간 방문 예상 경상 교육청 미래 교육 미래 교육 테마파크,https://n.news.naver.com/mnews/article/001/0013671809?sid=102
현대차 양산시 인증 전용 서비스 센터 개소 수도 판매 거점 마련 현대차 모바일 기반 상전 시장 구축 고객 편의 향상 도모,http://www.m-i.kr/news/articleView.html?idxno=976009
현대차 품질 인증 매집 점검 정밀 진단 인증 검사 단계 품질 검사 인증 체계 마련 인증 전용 허브 기지 가칭 설치 계획 해당 허브 기지,https://www.ceoscoredaily.com/page/view/2022122712130877177
현대차 전용 인증 센터 내년 개소 예정 양산시 온라인 판매 플랫 구축 온라인 플랫폼 시세 정보 매매 관련 통계 투명 제공,https://n.news.naver.com/mnews/article/008/0004833187?sid=101
현대차 내년 양산시 인증 전용 서비스 센터 하이테크 계획 기아 성능 상태 진단 상품 품질 인증 전시 시승 고객 체험 담당 인증,https://biz.newdaily.co.kr/site/data/html/2022/12/14/2022121400106.html
현대차 양산시 인증 전용 서비스 센터 하이테크 막바지 작업 한창 하이테크 차량 진단 정비 품질 인증,https://www.businesspost.co.kr/BP?command=article_view&num=300490
핵심 사업 내년 개관 예정 연간 방문 예상 경상 교육청 전국 유일 구입 지원 사업 운전 면허 취득 비용 지원 사업 반값 임대 주택 수리비 지원 사업,http://www.gnnews.co.kr/news/articleView.html?idxno=516574
사업 내년 개관 예정 연간 방문 예상 경상 교육청 미래 교육 전국 유일 구입 지원 사업 운전 면허 취득 비용 지원 사업 반값 임대 주택 수리비,https://www.nbntv.co.kr/news/articleView.html?idxno=998450
핵심 사업 내년 개관 예정 연간 방문 예상 경상 교육청 전국 유일 구입 지원 사업 운전 면허 취득 비용 지원 사업 반값 임대 주택 수리비 지원 사업,http://www.knnews.co.kr/news/articleView.php?idxno=1391591
사업 내년 개관 예정 연간 방문 예상 경상 교육청 미래 교육 전국 유일 구입 지원 사업 운전 면허 취득 비용 지원 사업 반값 임대 주택 수리비,http://www.gndomin.com/news/articleView.html?idxno=335453
사업 내년 개관 예정 연간 방문 예상 경상 교육청 미래 교육 전국 유일 구입 지원 사업 운전 면허 취득 비용 지원 사업 반값 임대 주택 수리비,http://www.shinailbo.co.kr/news/articleView.html?idxno=1631739
사업 내년 개관 예정 연간 방문 예상 경상 교육청 미래 교육 전국 유일 구입 지원 사업 운전 면허 취득 비용 지원 사업 반값 임대 주택 수리비,https://n.news.naver.com/mnews/article/277/0005186770?sid=102
사진 의령군 내년 개관 예정 연간 방문 예상 경상 교육청 전국 유일 구입 지원 사업 운전 면허 취득 비용 지원 사업 반값 임대 주택 수리비,http://www.newspim.com/news/view/20221202000806
사업 내년 개관 예정 연간 방문 예상 경상 교육청 미래 교육 전국 유일 구입 지원 사업 운전 면허 취득 비용 지원 사업 반값 임대 주택 수리비,http://www.sentv.co.kr/news/view/638873
신한 투자 증권 창원 금융 센터 주소 창원시 성산구 중앙대로 대신 증권 당근 미니 카테고리 취향 기반 커뮤니티 모임 참가 결제 직거래 카테고리,https://www.asiatime.co.kr/article/20221124500364
현대차 양산시 규모 인증 매매 오픈 안성 수원 인천 수도 부지 매입 진행 기아 일반 차량 전기 구독 상품,http://www.goodkyung.com/news/articleView.html?idxno=193255
양산 매매 센터 경기도 안성 수도 부지 매입 업계 현대차 시장 진출 소비자 신뢰도 시장 규모 기회,http://www.newstomato.com/ReadNews.aspx?no=1160152&inflow=N
디자인 경상 홍보 관람객 발길 엑스포 지원 홍보 진주시 대한민국 축제 남강 유등 축제 중심 세계 축제 도시,https://n.news.naver.com/mnews/article/469/0000707437?sid=102
월일 마산 마산 고등학교 고려대 학교 경영학 졸업 선경 엔카 닷컴 운용 엔카 닷컴 국내 최대 거래 사이트 성장,https://www.businesspost.co.kr/BP?command=article_view&num=297973
실제 현대차 최근 양산시 경기도 안성시 판매 거점 마련 온라인 사이트 구축 사업 개시 작업 진행 기업 시장 진출,https://n.news.naver.com/mnews/article/629/0000184162?sid=103
최근 경기도 안성 양산 보관 거점 마련 온라인 사이트 구축 작업 막바지 확인 인증 시장 진출 메르세데스 벤츠 평균 여대,https://n.news.naver.com/mnews/article/029/0002765451?sid=103
투자 유치 설명 회조 천억 협약 경상 투자 유치 명회 오늘 서울 의령군 구입 지원 의령군 생애 입비 최대,https://n.news.naver.com/mnews/article/056/0011362620?sid=101
의령군 군수 오태완 전국 최초 입비 지원 전국 최초 진행 의령군 주민 자치 박람회 최우수 의령군 제회 경상 주민 자치 박람회 우수 동아리 경연 대회,http://www.kukinews.com/newsView/kuk202210220021
창원시 본사 공장 모터스 투자 고용 규모 수준 연구 시설 전기차 별도 관련 섹터 마련 단순 판매,http://www.kdpress.co.kr/news/articleView.html?idxno=115712
양산시 인증 전용 하이테크 센터 설립 추진 센터 사무 동과 단동 정비 내년 오픈 예정 정밀 차량 진단 정비 첨단 스마트,http://kpenews.com/View.aspx?No=2562510
현대차 최근 양산시 인증 전용 하이테크 센터 설립 추진 기존 양산 출고 센터 부지 내달 건물 신축 내년 정식 운영 계획 센터 사무 동과 단동 정비,https://n.news.naver.com/mnews/article/016/0002050695?sid=101
노홍철 김해 카페 오픈 해당 카페 매출 노홍철 디스커버리 채널 코리아 예능 세상 기어 출연,https://m.entertain.naver.com/article/003/0011413079
직영 플랫 기업 케이카 해안 도로 드라이브 코스 차량 추천 남해안 코스로 남해군 물미 해안 도로 남해군 삼동면 물건리 미조면,https://n.news.naver.com/mnews/article/003/0011386788?sid=101
직영 플랫 기업 케이카 무더위 한풀 요즈음 해안도 드라이브 코스 남해 남해군 물미 해안도 남해 남해군 삼동면 물건리 미조면,http://kr.aving.net/news/articleView.html?idxno=1771057
울산항 현대 자동차 수출 자동차 선적 모습 본문 관련 사진 현대차 기아 장마 기간 이후 홍수 직후 사이 구매 주의 필요 주요,https://www.dailyimpact.co.kr/news/articleView.html?idxno=83772
이날 생정 보통 코너 구입 소개 이재성 명산 전기 천안시 동남구 신부동 이재성 명산 전기 보리 위치 합천군 가회면 황매산,http://www.g-enews.com/ko-kr/news/article/news_all/202205061443157091c4c55f9b3d_1/article.html
합천군 황매산 소재 오리 불고기 식당 화제 생정보 코너 합천 황매산 주제 정보통 맛집 오늘 생정보 정보통,http://www.topstarnews.net/news/articleView.html?idxno=14690188
체결 지역 강원도 충청북도 경상북도 올해 선정 기업 기업 기반 상태 자동 검수 솔루션 국민 안전 편익 증진 분야 관련 과제 선정,http://www.aitimes.com/news/articleView.html?idxno=144438
청안 홀딩스 최대 규모 매매 월드 카프 라자 운영 관리 필요 보험 제공 업무 협약 지난해 카카오 페이 플랫폼 보험 시장 활성 신규,http://www.insnews.co.kr/design_php/news_view.php?num=69456&firstsec=1&secondsec=13
지역 최대 매매 보험 서비스 제공 메리 화재 재산 종합 보험 승강기 사고 배책 보험 가입 메리 화재 최근 청안 홀딩스 최대 규모 매매 월드 카프 라자 운영 관리,http://www.insnews.co.kr/design_php/news_view.php?num=68850&firstsec=1&secondsec=13
메리 화재 청안 홀딩스 월드 카프 라자 매매 보험 메리 화재 청안 홀딩스 규모 매매 월드 프라자 운영 관리 필요 보험 제공 업무 협약,https://weekly.cnbnews.com/news/article.html?no=142293
청안 홀딩스 이현종 회장 왼쪽 메리 화재 이범진 부사장 업무 협약 체결 기념사진 촬영 제공 메리 화재 메리 화재 청안 홀딩스 최대 규모 매매 월드 카프라 자의,http://www.economytalk.kr/news/articleView.html?idxno=219960
사진 메리 화재 제공 메리 화재 청안 홀딩스 최대 규모 매매 월드 카프 라자 운영 관리 필요 보험 제공 업무 협약 체결 협약,http://www.lcnews.co.kr/news/articleView.html?idxno=30481
메리 화재 청안 홀딩스 최대 규모 매매 월드 카프 라자 운영 관리 필요 보험 제공 업무 협약 체결 협약 매매 전반 운영,http://www.finomy.com/news/articleView.html?idxno=107406
메리 화재 청안 홀딩스 최대 규모 매매 월드 카프 라자 운영 관리 필요 보험 제공 업무 협약 체결 협약 매매 전반 운영 관리,https://n.news.naver.com/mnews/article/215/0001016623?sid=101
메리 화재 청안 홀딩스 최대 규모 매매 월드 카프 라자 운영 관리 필요 보험 제공 업무 협약 체결 협약 매매 전반 운영,http://www.paxetv.com/news/articleView.html?idxno=138705
사진 메리 화재 메리 화재 청안 홀딩스 최대 규모 매매 월드 카프 라자 운영 관리 필요 보험 제공 업무 협약 체결 협약 매매 전반 운영 관리,https://www.ngetnews.com/news/articleView.html?idxno=406444
월드 카프라 필요 보험 제공 업계 최초 출시 보증 연장 특약 차량 적용 메리 화재 청안 홀딩스 최대 규모 매매 월드 카프 라자 운영 관리 필요 보험 제공,https://www.youthdaily.co.kr/news/article.html?no=93770
메리 화재 경상 매매 월드 카프 라자 행사 천안 홀딩스 업무 협약 체결 청안 홀딩스 이현종 왼쪽 회장 메리 화재 이범진 부사장 월드 카프 라자 운영,http://www.newspost.kr/news/articleView.html?idxno=97056
메리 화재 경상 최대 규모 매매 월드 카프 라자 운영 관리 필요 보험 제공 메리 화재 청안 홀딩스 내용 업무 협약 체결,http://www.seoulwire.com/news/articleView.html?idxno=463103
메리 화재 청안 홀딩스 최대 규모 매매 월드 카프 라자 운영 관리 필요 보험 제공 업무 협약 체결 협약 매매 전반 운영 관리,http://www.dailysmart.co.kr/news/articleView.html?idxno=56418
사진 메리 화재 제공 메리 화재 청안 홀딩스 최대 규모 매매 월드 프라자 운영 관리 필요 보험 제공 업무 협약 체결 양사 소비자 신뢰도,http://www.meconomynews.com/news/articleView.html?idxno=63638
지역 최대 규모 매매 운영 관리 필요 보험 제공 메리 화재 청안 홀딩스 최대 규모 매매 월드 카프 라자 운영 관리 필요 보험 제공 업무 협약,http://www.insnews.co.kr/design_php/news_view.php?num=68711&firstsec=1&secondsec=13
메리 화재 청안 홀딩스 최대 규모 매매 월드 카프 라자 운영 관리 필요 보험 제공 업무 협약 체결 협약 매매 전반 운영 관리,http://www.metroseoul.co.kr/article/20220224500093
메리 화재 청안 홀딩스 최대 규모 매매 월드 카프 라자 운영 관리 필요 보험 제공 업무 협약 체결 협약 매매 전반 운영 관리 필요,https://n.news.naver.com/mnews/article/119/0002579159?sid=101
보증 연장 특약 차량 적용 메리 화재 청안 홀딩스 최대 규모 매매 월드 카프 라자 운영 관리 필요 보험 제공 업무 협약 체결 협약,https://n.news.naver.com/mnews/article/029/0002722083?sid=101
이투데이 서지연 기자 메리 화재 청안 홀딩스 최대 규모 매매 월드 카프 라자 운영 관리 필요 보험 제공 업무 협약 체결 협약 매단 지의,https://www.etoday.co.kr/news/view/2108784
메리 화재 청안 홀딩스 최대 규모 매매 월드 카프 라자 운영 관리 필요 보험 제공 업무 협약 체결 이범진 메리 화재 부사장 오른쪽 이현종,http://www.mediapen.com/news/view/703234
메리 화재 청안 홀딩스 최대 규모 매매 월드 카프 라자 운영 관리 필요 보험 제공 업무 협약 체결 협약 매매 전반 운영 관리,https://www.fetv.co.kr/news/article.html?no=109235
사진 메리 화재 메리 화재 청안 홀딩스 매매 월드 카프 라자 운영 관리 필요 보험 제공 업무 협약 체결 협약 매매 전반 운영,http://www.asiaa.co.kr/news/articleView.html?idxno=78487
양사 매매 월드 카프라 운영 관리 필요 보험 제공 협약 메리 화재 자동차 성능 상태 점검 책임 보험 보증 연장 특약 월드 카프라 판매,http://www.enewstoday.co.kr/news/articleView.html?idxno=1550900
메리 화재 청안 홀딩스 최대 규모 매매 월드 카프 라자 운영 관리 필요 보험 제공 업무 협약 체결 협약 매매 전반 운영,http://www.fntimes.com/html/view.php?ud=2022022410061899974b1587365b_18
메리 화재 청안 홀딩스 최대 규모 매매 월드 카프 라자 운영 관리 필요 보험 제공 업무 협약 체결 협약 매매 전반 운영,https://n.news.naver.com/mnews/article/016/0001955705?sid=101
메리 화재 청안 홀딩스 최대 규모 매매 월드 프라자 운영 관리 필요 보험 제공 업무 협약 체결 협약 매매 전반 운영 관리,http://www.shinailbo.co.kr/news/articleView.html?idxno=1520358
메리 화재 청안 홀딩스 최대 규모 매매 월드 카프 라자 운영 관리 필요 보험 제공 업무 협약 체결 협약 매매 전반 운영,https://n.news.naver.com/mnews/article/011/0004022634?sid=101
협약 최대 규모 매매 월드 카프 라자 전반 운영 관리 필요 보험 제공 목적 회사 소비자 신뢰 향상 메리 화재 업계 최초 출시 자동차 성능,https://n.news.naver.com/mnews/article/030/0003000526?sid=101
사진 메리 화재 메리 화재 경상 최대 규모 매매 월드 카프라 운영 청안 홀딩스 업무 협약 체결 협약 매매 전반 운영 관리 필요,https://news.mtn.co.kr/news-detail/2022022409584141015
메리 화재 청안 홀딩스 최대 규모 매매 월드 카프 라자 운영 관리 필요 보험 제공 업무 협약 체결 협약 매매 전반 운영,https://n.news.naver.com/mnews/article/014/0004793411?sid=101
메리 화재 경상 최대 규모 매매 월드 카프 라자 구입 고객 대상 보험 서비스 제공 메리 화재 청안 홀딩스 월드 카프라 운영 관리,https://n.news.naver.com/mnews/article/374/0000276625?sid=101
사진 메리 화재 메리 화재 청안 홀딩스 최대 규모 매매 월드 카프 라자 운영 관리 필요 보험 제공 업무 협약 체결 협약 매단 지의,https://www.cnbnews.com/news/article.html?no=534234
매매 월드 카프 라자 운영 관리 필요 보험 제공 메리 화재 청안 홀딩스 최대 규모 매매 월드 카프 라자 운영 관리 필요 보험 제공 업무 협약,https://www.asiatoday.co.kr/view.php?key=20220224010013075
청안 홀딩스 이현종 회장 메리 화재 이범진 부사장 우이 기념사진 촬영 제공 메리 화재 메리 화재 청안 홀딩스 최대 규모 매매 월드 카프 라자 운영 관리,http://daily.hankooki.com/news/articleView.html?idxno=793033
메리 화재 청안 홀딩스 최대 규모 매매 월드 카프 라자 운영 관리 필요 보험 제공 업무 협약 체결 협약 매매 전반 운영,http://www.seoulfn.com/news/articleView.html?idxno=447531
메리 화재 청안 홀딩스 최대 규모 매매 월드 카프 라자 운영 관리 필요 보험 제공 업무 협약 체결 협약 매매 전반 운영 관리,https://n.news.naver.com/mnews/article/417/0000788529?sid=101
메리 화재 최대 규모 매매 월드 카프 라자 시행 청안 홀딩스 업무 협약 체결 협약 메리 화재 월드 카프 라자 전반 운영 관리 필요,http://www.newspim.com/news/view/20220224000200
메리 화재 청안 홀딩스 최대 규모 매매 월드 프라자 운영 관리 필요 보험 제공 업무 협약 체결 양사 소비자 신뢰 향상,https://www.ebn.co.kr/news/view/1520924/?sc=Naver
메리 화재 청안 홀딩스 최대 규모 매매 월드 카프 라자 운영 관리 필요 보험 제공 업무 협약 체결 협약 매매 전반 운영,http://www.fins.co.kr/news/articleView.html?idxno=92859
메리 화재 청안 홀딩스 최대 규모 매매 월드 카프 라자 운영 관리 필요 보험 제공 업무 협약 체결 협약 매매 전반 운영,https://n.news.naver.com/mnews/article/123/0002267911?sid=101
메리 화재 청안 홀딩스 최대 규모 매매 월드 프라자 운영 관리 필요 보험 제공 업무 협약 체결 양사 소비자 신뢰 향상,https://n.news.naver.com/mnews/article/277/0005049320?sid=101
오토 신차 영업 방문 뱅크 신청 실행 과정 특별 자금 신용 보증 재단 일시 특례 보증 시행 출연,https://www.asiatime.co.kr/article/20220125500337
금융 최종근 오토 운영 최원택 산업 금융 김형주 시너지 금융 김종철 고한규 선거관리위원회 승진 사무 처장 김진수 급부 이사관 총무 과장 김정규,http://www.metroseoul.co.kr/article/20211228500443
자리 경상 지역 고용 위기 지역 조선업 특별 고용 지원 업종 지정 기간 내년 호가 건설 기계 구매 부담 현실 반영 입법 주장,http://www.laborplus.co.kr/news/articleView.html?idxno=28193
창업 생태 활성 기여 지사 표창 기술보증기금 이사 장상 플랫 트라이브 구독 서비스 기업 투자 한편 시리즈 벤처 스타트업 지원,https://news.mtn.co.kr/news-detail/?v=2021122007460876217
완성 업체 시장 진출 완성 업계 논의 테이블 최종 합의 창원시 서비스 시작 수도 운영 지역 확대 박차,http://www.digitaltoday.co.kr/news/articleView.html?idxno=415460
출퇴근 거리 걱정 결혼 서울 원룸 서울 대학,https://n.news.naver.com/mnews/article/079/0003547394?sid=102
광주 광역시 장애 복지 시설 시온 장애 인보 호작 업장 창원시 경기도 왕시 코리아 물류 렌터카 제조사 전문 기업 탐색전 치열 국산 신차 대기,http://autotimes.hankyung.com/apps/news.sub_view?popup=0&nid=03&c1=03&c2=03&c3=00&nkey=202106220916341
사업 중앙 기부 플랫 블록체인 인증 서비스 블록체인 플랫 블록체인 병무청 인증서 민원 서비스 제공 블록체인 플랫 구축 사업 경상 스마트,https://www.itdaily.kr/news/articleView.html?idxno=203063
미국 자동차 생산 감소 신차 가격 상승 보도 시장 조사 업체 조선 산업 활력 대책 조선 산업 활력 대책 발표 중소 조선소 경쟁력,http://www.laborplus.co.kr/news/articleView.html?idxno=27175
인생 모작 지원 센터 경상 문화 가족 지원 센터 센터 해경 지난해 정식 금융 사기 예방 문진 자금 용도 매매 대금 작성 고객 현금 인출 행동,http://www.kukinews.com/newsView/kuk202104290311
케이카 성수기 고객 감사 이벤트 진행 한편 타이어 업계 소식 넥센타이어 이사 강호찬 경상 남도 위치 창녕 공장 임직원 사랑 헌혈 캠페인,http://www.greened.kr/news/articleView.html?idxno=288002
화물차 주차장 문제 쓰레기 소각장 반대 매매 이전 수도 순환고 속도 동시 인천 공항 조성 사천 지역 반대 사실 문제 인천 공항,http://www.kyeonggi.com/news/articleView.html?idxno=2347375
중대 강원도 경기도 경상북도 광주광역시 대구광역시 대전광역시 부산광역시 마스크 착용 수칙 인천 시청 연수구 옥련동 주변 송도,http://www.kdfnews.com/news/articleView.html?idxno=67663
유니슨 국내 처음 글로벌 시장 풍력 터빈 수출 설치 기업 경상 친환경 교체 대당 달러 지원 프로그램 핵심,https://www.econovill.com/news/articleView.html?idxno=515810
울산광역시 강원도 충청남도 지역 오프라인 영업 운영 연말 종료 자동차 개소 감면 신차 구매 감소 부문 플랫 경쟁 강화,http://www.thebell.co.kr/front/free/contents/news/article_view.asp?key=202101101414475280105713
경상 대구 충청남도 소충 전소 구축 평택 기지 인증 전시장 운영 토털 서비스 제공 전국 네트워크,https://n.news.naver.com/mnews/article/025/0003053169?sid=101
와이어 위치 하동군 금남면 경충 터리 베테랑 정재 자동차 공업 감별 전문가 이용덕 위치 인천광역시 미추홀 주승 이색 전국 맛집,http://www.g-enews.com/ko-kr/news/article/news_all/202008071653425060c4c55f9b3d_1/article.html
하동군 금남면 경충 터리 베테랑 감별 전문가 이용덕 정재 자동차 공업 인천광역시 미추홀 주승 감별 전문가 이용덕,http://www.queen.co.kr/news/articleView.html?idxno=339997
하동군 금남면 경충 터리 베테랑 감별 전문가 이용덕 정재 자동차 공업 인천광역시 미추홀 주승 감별 전문가 이용덕 오승원,https://www.iloveorganic.co.kr/news/articleView.html?idxno=311667
하동 와이어 하동 알프스 레포츠 하동군 금남면 경충 터리 베테랑 감별 전문가 감별 전문가 이용덕 정재 자동차 공업 인천광역시 미추홀 주승,http://www.kjdaily.com/read.php3?aid=1596784200520092208
주소 하동군 금남면 경충 촬영 도움 시집 가로 집필 횡보 마을 할머니 감사 터리 베테랑 감별 전문가 감별 전문가,http://www.newsfarm.co.kr/news/articleView.html?idxno=58163
하동군 금남면 경충 위치 하동 알프스 레포츠 방문 하동 터리 베테랑 감별 전문가 코너 감별 전문가 이용덕 출연 정보 제공,http://www.newsculture.press/view.htm?idxno=2020080715371914504
스타트업 투자 유치 창업 열기 고조 행사 통영 에이디피 구독 서비스 플랫 개발 차량 리스 관리 서비스 제공 더트 라이브,https://n.news.naver.com/mnews/article/277/0004715608?sid=102
스타트업 투자 유치 창업 열기 고조 행사 통영 주에이 디피 구독 서비스 플랫 개발 차량 리스 관리 서비스 제공,http://www.kukinews.com/newsView/kuk202007090357
기자 스타트업 투자 유치 창업 열기 고조 에이디피 구독 서비스 플랫 개발 차량 리스 관리 서비스 제공 더트 라이브,http://www.newscj.com/news/articleView.html?idxno=756887
사업 창원시 테크노 파크 한국 전기 연구원 경남대 학교 조선 대학교 상석 직전 정부 수출 산업 진행 공작 기계 산업 장비 조선,https://n.news.naver.com/mnews/article/002/0002139931?sid=102
포르쉐 코리아 창원 시장 서비스 센터 신규 오픈 전국 단위 딜러 네트워크 한편 포르쉐 코리아 포르쉐 센터 서비스 센터 포르쉐 인증 센터,http://www.newsprime.co.kr/news/article.html?no=509186
하동군 한국 유엔 사단 홍보 대사 발탁 인기 예능 출연 시청자 눈도장 정우성 기업 케이카 이엘 가전 브랜드 세라 소지섭 가전 브랜드 헨스 모델 낙점,http://apnews.kr/View.aspx?No=807873
공고 기관 경상 의령군 환경 위생 입찰 마감 일시 발주 담당 기관 충청남도 교육청 남부 평생 교육 총무부 공매 입찰 불용 공용 차량 일괄 폐차,http://www.fintechpost.co.kr/news/articleView.html?idxno=99678
공고 기관 경상 교육 지원 행정 지원 입찰 마감 일시 발주 담당 기관 공매 입찰 불용 공용 차량 일괄 폐차 사용 불가 매각 공고 개찰 일시,http://www.fintechpost.co.kr/news/articleView.html?idxno=98651
오후 경기도 수원 매매 상가 건물 직원 대피 저녁 밀양시 자동차 부품 생산 공장 철골 공장,https://n.news.naver.com/mnews/article/422/0000408452?sid=102
입찰 성능 점검 증강현실 도입 계약 방법 일반 총액 공고 기관 공고 기관 양산시 입찰 마감 일시 발주 수요 기관 경상 양산 시년 하반기,http://www.fintechpost.co.kr/news/articleView.html?idxno=62982
공고 기관 경상 교육청 경상 남도창 원교 육지 원청 입찰 마감 일시 발주 수요 기관 입찰 성능 점검 증강현실 도입 계약 방법 일반 총액 공고 기관 현대 비스,http://www.fintechpost.co.kr/news/articleView.html?idxno=60097
설치 구매 차량 성능 점검 결과 실제 상태 소비자 경기 평화 광장 잔디밭 추진 경상 김경수 지사 일본 수출 규제 산업 생태 진화 계기 폭염 축산 농가 가축 사양,http://www.newsinside.kr/news/articleView.html?idxno=974690
공고 기관 경상 교육청 창원 남산 고등학교 입찰 마감 일시 발주 수요 기관 경상 교육청 창원 남산 고등학교 입찰 성능 점검 증강현실 도입 계약 방법 일반,http://www.fintechpost.co.kr/news/articleView.html?idxno=57758
공고 기관 경상 입찰 마감 일시 발주 수요 기관 도립 대학 입찰 성능 점검 증강현실 도입 계약 방법 일반 총액 공고 기관,http://www.fintechpost.co.kr/news/articleView.html?idxno=57409
공고 기관 경상 교육청 경상 남도창 원교 육지 원청 입찰 마감 일시 발주 수요 기관 입찰 블록체인 기반 서비스 플랫 개발 사업 워크스테이션 노트북 테스트 단말기 구매,http://www.fintechpost.co.kr/news/articleView.html?idxno=51010
온비드 사천시 사남면 유천리 에르 아파트 공매 입찰 매매 매각 경기도 용인시 기흥구 어정 개찰 일시,http://www.fintechpost.co.kr/news/articleView.html?idxno=49324
경상 남도 운전자 운전 사고 주장 단순 사고 처리 최종옥 서울 영등포 경찰서 교통 범죄 수사 반장 시세 보험 책정 자차,https://n.news.naver.com/mnews/article/422/0000365513?sid=102
보험 개발 히스토리 서비스 공익 역할 확대 경상 국립 산청 국원 유가족 배객 묘역 이동 전동 차량 기부 히스토리 서비스 구매 소비자,https://n.news.naver.com/mnews/article/008/0004168267?sid=101
보험 개발 히스토리 서비스 공익 역할 확대 경상 국립 산청 국원 유가족 한편 보험 개발 히스토리 서비스 운영 소비자 예방 거래 투명 기여,http://www.m-i.kr/news/articleView.html?idxno=492717
경상 국립 산청 국원 국립 묘지 배객 수송 전동 카트 기증 가운데 보험 개발 히스토리 구매 소비자 예방 시장 거래 투명,http://www.kbanker.co.kr/news/articleView.html?idxno=80214
보험 개발 히스토리 서비스 공익 역할 확대 경상 국립 산청 국원 보험 개발 히스토리 서비스 구매 소비자 예방 시장 거래,http://www.fntimes.com/html/view.php?ud=2019013014521350065e6e69892f_18
보험 개발 원은 오후 경상 국립 산청 국원 유가족 배객 묘역 이동 전동 차량 기부 기부 히스토리 서비스 공익 역할 확대 히스토리,http://www.newspim.com/news/view/20190130000623
보험 개발 원은 경상 국립 산청 국원 전동 차량 기부 관계자 기념 촬영 서비스 구매 소비자 예방 시장 거래 투명 자동차,http://www.dailysmart.co.kr/news/articleView.html?idxno=5763
산업 전라북도 부산 광주 전라남도 대구 경상북도 자동차 조선업 구조 조정 전주시 수소 버스 수소 트럭 생산 거점 군산시 수출 복합,http://www.businesspost.co.kr/BP?command=article_view&num=106900
서울 주택 도시 공사 공사 동대문구 홍릉 연구 청량리 시장 안평 매매 시장 북구 고려대 지난해 경제 기반 사업 지로 선정 경상 통영 정부 예산 포함 조원대 사업비 투입,https://n.news.naver.com/mnews/article/011/0003333464?sid=101
진주 서울 대학교 법학 졸업 학교 대학원 석사 학위 월일 기업 여신 실행 시세 정보 수집 단순 반복 업무 자동,http://www.businesspost.co.kr/BP?command=article_view&num=86748
경남은행 창원 외국인 지원 센터 주관 경상 세계인 기념 행사장 봉사 활동 캐피탈 내달 거래 플랫 차차차 개편 경남은행 세계인 기념행사 외국인 고개 열심,http://www.kukinews.com/news/article.html?no=550487
규모 매매 유치 대합 인근 산업단지 조성 남북 발전 토대 중앙 부처 경상 창녕군 유기 협력 관계 형성 여당 군수 국도 확보,https://n.news.naver.com/mnews/article/002/0002057463?sid=100
전보 서부 지역 본부 하승철 재난 안전 건설 본부 윤성혜 전보 이재열 서울 지점 신대환 렌터카 영업 지원 광선 글로벌 사업 지원 강근호 승진 원지점,https://n.news.naver.com/mnews/article/082/0000766927?sid=102
창원시 간선도로 동양 직선 도로 자동차 고금리 부금 제때 세월,http://www.ilyoseoul.co.kr/news/articleView.html?idxno=193284
인증 시장 확장 이전 메르세데스 벤츠 코리아 메르세데스 벤츠 창원 전시장 서비스 센터 창원시 성산구 해원 신규 오픈 기존 메르세데스 벤츠 인증,http://sports.hankooki.com/lpage/economy/201703/sp20170327173907136980.htm
서비스 센터 창원시 성산구 해원 신규 개장 기존 메르세데스 벤츠 인증 창원 전시장 확장 신차 구입 상담 차량 수리 매입,http://www.econovill.com/news/articleView.html?idxno=311751
기존 인증 시장 건물 확장 창원시 성산구 해원로 창원 전시장 연면 대지 면적 지상 규모 신차 전시장 차량,https://n.news.naver.com/mnews/article/011/0003000085?sid=103
창원시 시장 서비스 센터 시장 연면적 지상 규모 일반 수리 도장 판금 가능 동시 판매 매입 벤츠 지역,https://n.news.naver.com/mnews/article/015/0003745684?sid=103
농협 생명 서울대 병원 순회 무료 진료 진행 농협 생명 서울 대학교 병원 의료진 캐피탈 거래 플랫 차차차 방문자 돌파 기념 이벤트 캐피탈 거래 플랫 차차차,http://www.kukinews.com/news/article.html?no=439905
자가용 처분 장기 렌터카 이용 전환 실시간 비용 무료 견적 전라북도 경상북도 구입 상담 요청 우수 매니저 고객 조건 반영,http://www.newsculture.press/view.htm?idxno=2017012609480001884
경찰 관계자 인천 산업단지 인근 매매 형성 차량 관련 범죄 대전 인구,https://n.news.naver.com/mnews/article/214/0000723343?sid=102
업계 코리아 최근 창원시 서비스 센터 건설 부지 부산시 연제구 국내 최대 규모 인증 전시장 사직 프리미엄 셀렉 오픈,https://n.news.naver.com/mnews/article/018/0003638571?sid=103
가치 폭락 주식 계좌 조각 대박 쪽박 소속 김해 지역 경상 관할 구역 창원 마산 지역 방송국 본부 통합,https://n.news.naver.com/mnews/article/047/0002122256?sid=103
자료 사진 신문 전말 창원 자동차 매매 매매 딜러 지난달 소속 자동차 매매 해임 보서 자동차 매매 사업 조합 사원 관리 규정,http://www.knnews.co.kr/news/articleView.php?idxno=1185176
전라남도 경상 남도 비강 수확 중부 지방 동해 대박 투자자 독일 구입 유럽 여행 급증 내야,https://n.news.naver.com/mnews/article/009/0003757607?sid=103
경상 창녕군 공장 준공식 참석 회장 자금 투입 화물 운수 회사 옥정 산업 설립 일본 미국 폐차 직전 단계 수리,http://www.ajunews.com/view/20160622155113145
전체 차량 전시 가능 신차 아우디 공식 인증 대가 아우디 코리아 요하네스 타머 경제 메카 부상 부산 수영구 지역 부산,http://www.rpm9.com/news/article.html?id=20160216090061
인증 대가 전시 아우디 남천 시장 신차 아우디 공식 인증 시장 아우디 코리아 요하네스 타머 경제 메카 부상 부산 수영구 지역,http://www.enewstoday.co.kr/news/articleView.html?idxno=485824
인증 대가 전시 아우디 남천 시장 신차 아우디 공식 인증 시장 아우디 코리아 요하네스 타머 경제 메카 부상 부산 수영구 지역 부산,http://www.metroseoul.co.kr/news/newsview?newscd=2016021600209
인증 대가 전시 아우디 남천 시장 신차 아우디 공식 인증 시장 아우디 코리아 요하네스 타머 경제 메카 부상 부산 수영구 지역 부산,http://www.idomin.com/?mod=news&act=articleView&idxno=501297
인증 시장 동시 취급 매장 확장 이전 아우디 코리아 아우디 요하네스 타머 아우디 코리아 경제 메카 부상 부산 수영구 지역 부산 지역 수입,http://www.mediapen.com/news/view/122297
인증 대가 전시 아우디 남천 시장 신차 아우디 공식 인증 시장 아우디 코리아 요하네스 타머 경제 메카 부상 부산 수영구 지역 부산,https://n.news.naver.com/mnews/article/076/0002890323?sid=101
인증 대가 전시 아우디 남천 시장 신차 아우디 공식 인증 시장 요하네스 타머 아우디 코리아 경제 메카 부상 부산 수영구 지역 부산,http://www.newsway.co.kr/view.php?tp=1&ud=2016021614441114639
지면 연면적 지하 지상 규모 차대 인증 차대 아우디 코리아 요하네스 타머 경제 메카 부상 부산 수영구 최대 규모,http://autotimes.hankyung.com/apps/news.sub_view?popup=0&nid=03&c1=03&c2=03&c3=00&nkey=201602160933001
전체 차량 동시 전시 가능 신차 아우디 공식 인증 요하네스 타머 아우디 코리아 경제 메카 부상 부산 수영구 지역 부산,http://www.ekn.kr/news/article.html?no=200949
인증 대가 전시 아우디 남천 시장 신차 아우디 공식 인증 시장 아우디 코리아 요하네스 타머 경제 메카 부상 부산 수영구 지역 부산,https://n.news.naver.com/mnews/article/009/0003682215?sid=103
차량 동시 전시 가능 신차 아우디 공식 인증 대가 요하네스 타머 아우디 코리아 경제 메카 부상 부산 수영구 지역 부산,https://n.news.naver.com/mnews/article/092/0002091494?sid=103
인증 대가 전시 아우디 남천 시장 신차 아우디 공식 인증 시장 아우디 코리아 요하네스 타머 경제 메카 부상 부산 수영구 지역 부산,http://kr.aving.net/news/view.php?articleId=1365349&Branch_ID=kr&rssid=naver&mn_name=news
부산 지역 수입 브랜드 최대 규모 전시장 신차 아우디 공식 인증 전시장 동시 아우디 코리아 요하네스 타머 경제 메카 부상 부산 수영구 지역 부산,https://n.news.naver.com/mnews/article/277/0003687776?sid=101
인증 대가 전시 아우디 남천 시장 아우디 공식 인증 시장 운영 요하네스 타머 아우디 코리아 경제 메카 부상 부산 수영구 지역 부산,http://www.sisaweek.com/news/articleView.html?idxno=63819
신차 아우디 공식 인증 대가 전시 아우디 남천 요하네스 타머 아우디 코리아 경제 메카 부상 부산 수영구 지역 부산 지역,http://www.ebn.co.kr/news/view/816678
인증 대가 전시 아우디 남천 시장 신차 아우디 공식 인증 시장 아우디 코리아 요하네스 타머 경제 메카 부상 부산 수영구 지역 부산,http://www.ajunews.com/view/20160216101719486
재규어 드로버 코리아 창원 시장 서비스 센터 신규 오픈 재규어 드로버 코리아 전국 공식 전시장 개과 서비스 센터 인증 전시장 운영,https://n.news.naver.com/mnews/article/277/0003669360?sid=101
사업 기간 연장 부지 수출 전락 가능 차단 부지 인천항 부영 서울 제주 동시 다발 사업 대우 자판 부지,http://www.kihoilbo.co.kr/?mod=news&act=articleView&idxno=634690
부산광역시 강원 도건 충청북도 경상 도건 시도 수도 서울 인천 경기 발생 불법 매매 전체,http://www.etoday.co.kr/news/section/newsview.php?idxno=1194654
생활 정보 상품 동일 매매 지역 과천 남안성 김포남 주포 김해 강원 춘천 아산 충북 충주 구미 경북 영주 진주,http://www.itdaily.kr/news/articleView.html?idxno=68432
러시아 모스크바 자동차 산업 전시회 등록 건수 신차 판매량 애프터 마켓 부품 시장 지속 성장,http://www.idomin.com/?mod=news&act=articleView&idxno=488120
사진 진공 본부 일일 러시아 모스크바 개최 매년 등록 건수 신차 판매량 애프터 마켓 부품 시장 지속 성장,http://www.ajunews.com/view/20150820164445367
생활 정보 일물 다가 상품 동일 매매 지역 양주시 김해시 충청북도 충주시 경상북도 경주시 김천시 경상북도 안동시 경상북도 영천시,http://www.itdaily.kr/news/articleView.html?idxno=66944
경상북도 상담 요청 고객 조건 반영 최저 금리 견적 방문 상담 계약 사후 관리 책임 서비스 제공 한편 인기 차종 현대 자동차 아반떼,http://www.ebuzz.co.kr/news/article.html?id=20150619800008
경상북도 상담 요청 고객 조건 반영 최저 금리 견적 방문 상담 계약 사후 관리 책임 서비스 제공 한편 인기 차종 현대 자동차 아반떼,http://www.ebuzz.co.kr/news/article.html?id=20150612800008
외국인 스톱 서비스 서울 부산 대구 인천 대전 광주 울산 세종 시경기 강원도 충청남도 충청북도 전라남도 전라북도 경상북도 상담 요청,http://www.ebuzz.co.kr/news/article.html?id=20150506800003
수원 우먼 추천 차량 소개 러블리 정석 경차 클래식 스파크 진해 연비 중요,https://n.news.naver.com/mnews/article/396/0000297954?sid=103
현대 로비스 경기도 분당 시작 경매장 운영 현재 경기도 시화 경상 양산 성업 현대 로비스 여대 경매 유통,https://n.news.naver.com/mnews/article/024/0000047414?sid=101
현대 로비스 경기도 분당 시작 경매장 운영 현재 경기도 시화 경상 양산 성업 현대 로비스 여대 경매 유통,https://n.news.naver.com/mnews/article/366/0000228003?sid=103
수직 계열 경매 사업 진입 장벽 블루 오션 동화 파크 옥션 플러스 사업 철수 주목 억만 규모 소방펌프 공급 계약 체결 공시 서희 건설,http://www.ajunews.com/view/20140904080352840
자동차 번지 운영 위원회 진주 소재 매매 관리 운영 위원회 매매 상사 구성 판매 운영 위원회 구성 사업자 특정 업체 이용 강요 공정위,https://n.news.naver.com/mnews/article/092/0002056932?sid=105
공정거래위 원회 금융 중개 업체 강제 지정 경상 진주 소재 사업자 단체 자동차 번지 운영 위원회 시정 명령 과징금 부과 자동차 번지 운영 위원회,https://n.news.naver.com/mnews/article/421/0000929954?sid=101
리포트 인구 지역 최근 동네 분위기 녹취 전세금 고요 후회 정부 기관 조사 결과,https://n.news.naver.com/mnews/article/056/0010050171?sid=102
부산은행 부산은행 신용 카드 상품 국산 신차 구입 최대 수입 최대 사천 위치 타니 컨트리클럽 부산은행 신용카드 결제,https://n.news.naver.com/mnews/article/014/0003178774?sid=102
경상 대학교 사범 출신 구성 부품 활용 정비소 확보 지원 김호철 기자 경상 남도 지역 신문 발전 위원회 지원 취재,http://www.knnews.co.kr/news/articleView.php?idxno=1095860
통영 인구 사량도 수협 직원 억대 횡령 외제 국산 재벌 이중,http://news.tv.chosun.com/site/data/html_dir/2013/11/08/2013110890109.html
지원 차량 소방본부 사용 구급차 만큼 특장차 전문 제작 업체 오텍 차량 정비 수리 지원 차량 남수단 이태석 대학 병원 톤즈 지역 마을 공동체,http://ytnscience.co.kr/weather/weather_view.php?s_mcd=1000&key=201308200656223001
경매 거래 투명 현대 로비스 오토 옥션 양산 경매장 회차 경매 출품 차량 양산 경매장,https://n.news.naver.com/mnews/article/109/0002592120?sid=103
부산 곳곳 폭설 지난달 오후 사상구 감전동 매매 시장 매물 차량 지난달 경상 진주 창원 통영 역대 설량 기록 대구,https://n.news.naver.com/mnews/article/421/0000114698?sid=103
서울 강동 경찰서 화물차 창문 블랙박스 금품 수천만 택배 회사 구입 택배 차량 위장 경찰 추적,https://n.news.naver.com/mnews/article/052/0000417958?sid=102
중소 영세 매매 업체 반발 지체 비스 경상 양산 자동차 경매장 개장 관련 업계 당초 현대차 그룹 계열 종합 물류 회사 로비스 양산시 산막동,https://n.news.naver.com/mnews/article/014/0002669974?sid=101
양산시 경매장 오픈 기존 분당 시화 경매장 주회 경매 체제 구축 현대 기아차 글로벌 판매 호조 해외 완성 공장 부품 수요 대응,https://n.news.naver.com/mnews/article/024/0000037558?sid=102
신차 거래 규모 거래 지역 경기도 대로 차지 서울,http://www.newscj.com/news/articleView.html?idxno=111044
대신 구입 국토 설명 국토 거래 규모 지역 경기도 만대 서울 만대,http://news.etomato.com/pagelog/popup_log.asp?newsseq=214468
대신 구입 분석 국토 거래 규모 지역 경기도 만대 서울,https://n.news.naver.com/mnews/article/011/0002208977?sid=102
대신 구입 분석 국토 거래 규모 지역 경기도 만대 서울 만대,https://n.news.naver.com/mnews/article/143/0002058042?sid=101
서울 강변 북로 출근 차량 모습 자료 사진 인기 이전 등록 자동차 지역 경기도 만천 서울,https://n.news.naver.com/mnews/article/001/0005454906?sid=101
아동 가족 학과 사회 복지 협의회 상호 업무 협약 체결 지역 사회봉 사단 윤영희 리포터 창원 지역 최대 수입 전문 매장 오픈 창원 지역 최대 수입 자동차,https://n.news.naver.com/mnews/article/086/0002079874?sid=102
지인 여름 휴가 통영 바다 인접 통영 구입 친구 섭외 사랑 여인 낭만 여행,https://n.news.naver.com/mnews/article/047/0001985142?sid=103
전보 금융 지점 강동 유근형 강서 이기수 광명 승원 충청 김순조 호남 강기범 왕호 행정 인사 담당 장순천 행정 이지환 경향신문 미디어 전략 실장 노재덕 스포츠,https://n.news.naver.com/mnews/article/011/0002114626?sid=102
정보 제공 사이트 카즈 국토 해양 통계 자료 분석 결과 자동차 등록 지역 경기도 기준 등록 서울,http://www.newdaily.co.kr/html/article/2010/07/21/ARTnhn52386.html
정보 제공 사이트 카즈 데이터 리서치 국토 해양 통계 자료 분석 결과 자동차 서울 만대 실속 차량 평가 경차,http://www.jejusori.net/news/articleView.html?idxno=84826
정보 제공 사이트 카즈 데이터 리서치 국토 해양 통계 자료 분석 결과 서울 흥미 지역 차종,https://n.news.naver.com/mnews/article/022/0002162976?sid=103
정보 제공 사이트 카즈 데이터 리서치 국토 해양 통계 자료 분석 결과 서울 대가 등록 대가 등록 차지,http://polinews.co.kr/news/newsview.html?no=109332
정보 제공 사이트 카즈 데이터 리서치 국토 해양 통계 자료 분석 결과 서울 만천 흥미 지역,https://n.news.naver.com/mnews/article/092/0001966030?sid=105
일본 주도 러시아 자동차 시장 공략 시대 본격 한국 기업 새만금 간척지 경상 연해주 과학 연구소 올해 종자 교환 시험 재배 위탁 시작 계획,https://n.news.naver.com/mnews/article/086/0002009755?sid=104
자율 방법 경상 연합회 회장 억만 복무 경성 모터스 매매 부사장 대구 대학교 경상 대학 경제학 졸업 호초등 학교 운영 위원장,https://n.news.naver.com/mnews/article/003/0003240340?sid=100
반면 정도 최소한 비용 이상은 공채 무구 입금액,http://www.autotimes.co.kr/article_view.php?id=48097
신규 지정 항만 인항 강원도 삼척시 호산항 통영 인천 터미널 여객 수송 연안 여객 유람 관광 여객,http://www.ajnews.co.kr/uhtml/read.jsp?idxno=200903111447148040261
필리핀 마닐라 비행기 영어 교사 국외 어학 체험 연수 그날 누적 지프니 미군 지프 개조 엔진 버스,https://n.news.naver.com/mnews/article/047/0000102138?sid=103
올해 등록 서울 경기도 순위 신차 판매 악순환 반복 브랜드 지역 딜러,https://n.news.naver.com/mnews/article/082/0000146927?sid=101
부산시 인구 정도 홍콩 구만 비엔티안 시내 코라오 자동차 오토바이 대리점 월평균,https://n.news.naver.com/mnews/article/009/0000590781?sid=101
경제 국산 콜라 브랜드 고전 경제 상반기 수출 전라남도 호우 주의보 사회 강남 재건축 주민 강남이,https://n.news.naver.com/mnews/article/001/0000208436?sid=111
